AccountID,CustomerID,AccountNumber,AccountType,AccountBalance
1001,1,3900367665,CHK,99703.15
1002,1,6415990613,TDA,37845.2
1003,2,5383626370,CCA,22102.36
1004,3,2027862191,VLA,52779.01
1005,3,8339305394,VLA,3841.89
1006,4,4336015894,CHK,37789.86
1007,4,6644631991,TDA,28167.85
1008,5,7014062831,VLA,25789.15
1009,5,8237070964,HLA,438454.31
1010,6,4686758154,VLA,44217.56
1011,7,1956889681,CCA,34512.62
1012,7,4250994750,TDA,5065.27
1013,8,8952914071,TDA,18176.3
1014,9,7386917963,CCA,32671.1
1015,9,3151557786,HLA,105574.84
1016,10,4680987304,TDA,22037.78
1017,10,3655351190,HLA,116461.19
1018,11,6803470948,VLA,79450.38
1019,11,4738416669,VLA,95665.89
1020,11,3196789630,HLA,321229.35
1021,12,1141525724,CCA,46233.66
1022,12,4574789528,HLA,414497.89
1023,12,8502765496,CCA,28210.34
1024,13,5314053865,CCA,22339.84
1025,14,9817045362,TDA,28473.7
1026,14,9987505708,CCA,46592.06
1027,14,3766219910,CCA,37757.63
1028,15,5536539043,CCA,21584.09
1029,15,3488745270,VLA,76257.97
1030,16,9899820014,CHK,99234.05
1031,17,1962380918,TDA,36017.65
1032,17,9464808177,HLA,204998.1
1033,18,8034210515,HLA,421745.62
1034,19,1178256384,HLA,57145.92
1035,19,6886903135,HLA,98746.02
1036,20,5434972549,CCA,41766.67
1037,20,4139533453,VLA,44236.8
1038,20,8535743142,HLA,451660.18
1039,21,2145188098,CCA,43737.05
1040,21,3870625774,CCA,34228.65
1041,21,7516404352,HLA,115784.9
1042,22,4499219402,TDA,41914.03
1043,22,7710809540,HLA,327864.91
1044,23,6561125094,TDA,35693.3
1045,23,2963247810,HLA,406985.64
1046,24,1401225269,TDA,37408.57
1047,24,6439169101,TDA,4822.77
1048,25,7906784824,VLA,28441.58
1049,26,3469924885,CCA,9384.48
1050,26,8423390851,HLA,140982.82
1051,26,5264759727,HLA,351489.98
1052,27,5151249333,CCA,1615
1053,28,1731751518,HLA,402295.16
1054,29,2335110533,HLA,314313.76
1055,29,9128593093,TDA,44127.65
1056,30,8386198727,HLA,145927.71
1057,31,1393406567,TDA,46851.01
1058,32,7108569269,HLA,295143.19
1059,33,6899857401,VLA,47114.44
1060,34,3412356045,TDA,5306.77
1061,34,2572838251,CHK,80553.84
1062,34,5786920224,TDA,24753.36
1063,35,7696909862,TDA,3668.54
1064,35,9208674967,HLA,441430.85
1065,35,9459716068,VLA,79422.34
1066,36,5995151941,CCA,49344.31
1067,36,5888629182,CCA,30813.78
1068,36,6444924796,VLA,46157.18
1069,37,1585643460,HLA,131471.71
1070,37,2679521154,TDA,21658.08
1071,38,8289177952,VLA,72279.92
1072,38,3451280439,VLA,80012.83
1073,39,9159471435,TDA,26595.75
1074,40,8388639551,CHK,13320.03
1075,41,1055888815,HLA,159845.63
1076,41,5844454052,CCA,8544.51
1077,41,1175467234,VLA,73521.49
1078,42,7303251332,CCA,25845.85
1079,42,3843457591,HLA,470096.04
1080,43,3639045875,CHK,72202.48
1081,44,2844531874,CCA,20681.22
1082,44,7178320905,HLA,221194.17
1083,44,3626291868,VLA,92805.19
1084,45,5712434081,CCA,48156.01
1085,45,6899478829,HLA,103333.92
1086,46,1012523154,CCA,42938.89
1087,46,4404245327,CHK,51290.61
1088,46,8925607554,HLA,81653.03
1089,47,9016667967,CCA,25619.38
1090,47,7910235833,CHK,6368.14
1091,47,7027214229,CHK,44515.4
1092,48,9682956445,CCA,1850.67
1093,49,3263257938,CCA,22228.17
1094,50,9077539132,TDA,30420.21
1095,51,6055134280,CCA,28529.34
1096,51,6368663099,CHK,68175.58
1097,52,1777359138,VLA,75400.7
1098,52,9526247850,CHK,600.42
1099,52,4973984696,VLA,63909.13
1100,53,8696156984,TDA,25902.48
1101,53,9473234609,VLA,66762.94
1102,53,8869344369,VLA,81247.11
1103,54,2979310382,CCA,27583.73
1104,54,6392619709,VLA,59318.7
1105,55,9774011313,CHK,42912.75
1106,55,1267533878,CHK,86308.72
1107,55,2543775708,CHK,42745.3
1108,56,6081658451,CCA,13150.74
1109,57,5965385551,CCA,48016.19
1110,57,1298038838,VLA,2154.16
1111,57,6826021502,CCA,25415.24
1112,58,7597265910,VLA,23766.1
1113,58,4934557757,TDA,41749.77
1114,58,2174535370,TDA,21496.97
1115,59,8109899108,CHK,35663.56
1116,60,5052205370,CHK,91891.8
1117,61,1992521370,CCA,46165.85
1118,61,6988508216,CCA,17430.13
1119,61,5903501724,CCA,10973.54
1120,62,7719165837,TDA,17039.92
1121,63,2361961167,VLA,9155.94
1122,63,2161636558,VLA,6559.1
1123,64,3950839124,CHK,57039.25
1124,65,2713306388,HLA,445196.56
1125,65,7463934768,VLA,6753.52
1126,65,4670044223,VLA,89314.96
1127,66,5607655790,HLA,319945.76
1128,66,6044765006,VLA,39253.74
1129,66,3769249110,VLA,26823.73
1130,67,9863686431,VLA,78563.48
1131,67,4703892336,HLA,468398.97
1132,67,6125177753,HLA,315411.84
1133,68,1060819334,TDA,18481.54
1134,68,5299218471,CCA,5684.64
1135,68,7695693810,CCA,49615.17
1136,69,9396786902,HLA,398734.03
1137,69,5626874639,VLA,71480.5
1138,70,2724273299,HLA,59082.17
1139,70,1770856296,TDA,19771.63
1140,70,3773702267,CHK,68317.85
1141,71,4539533865,CCA,25592.09
1142,72,4226794914,HLA,362937.98
1143,72,2123203231,CCA,27128.48
1144,72,5274416877,CCA,33210.7
1145,73,6117523876,CHK,62712.99
1146,73,3434581922,CCA,13145.96
1147,74,9676392247,TDA,16471.51
1148,74,1007460334,HLA,219053.88
1149,74,7237355220,CCA,25475.71
1150,75,6618178766,HLA,166242.65
1151,76,9327562877,TDA,15774.52
1152,76,2476923300,CCA,964.14
1153,76,6046623926,HLA,244495.73
1154,77,1932836138,VLA,39338.09
1155,77,9441925633,TDA,31374.22
1156,77,1618939941,CHK,421.05
1157,78,8097638408,TDA,10156.08
1158,78,1131671346,HLA,376816.42
1159,78,9020629490,CHK,66725.99
1160,79,6507687592,TDA,30688.01
1161,80,9227347209,VLA,18286.05
1162,80,8613904101,CHK,34161.49
1163,80,4963325743,TDA,7206.62
1164,81,9602935975,VLA,88568.71
1165,81,6791177223,CCA,29674.75
1166,81,1836958237,CHK,15012.54
1167,82,6613604574,CHK,86392.9
1168,83,5088316572,VLA,55824.4
1169,84,7757096058,CCA,49822.35
1170,84,6303166595,CHK,15045.11
1171,85,9091781827,TDA,44043.56
1172,85,5813305672,TDA,6624.23
1173,85,7247086974,CHK,93266.28
1174,86,8291331780,CHK,43455.51
1175,86,6392595373,CHK,12081.48
1176,87,3884839103,CCA,11290.75
1177,87,4961659847,VLA,73294.2
1178,87,7848885656,VLA,7125.5
1179,88,8314661665,HLA,268820.44
1180,89,2163611429,TDA,38834.84
1181,89,9714782473,VLA,37021.3
1182,90,9168809370,CHK,35503.9
1183,90,2670678069,CHK,55923.31
1184,91,3666985726,TDA,11062.65
1185,91,2413095246,CHK,88779.14
1186,92,9737888187,TDA,7485.8
1187,92,9115315520,HLA,58488.55
1188,93,3324227865,VLA,48140
1189,94,3073571450,VLA,63047.18
1190,94,4941668069,CHK,76386.13
1191,95,3279663527,HLA,315076.65
1192,95,5190651578,VLA,48256.29
1193,96,3136583715,TDA,47870.81
1194,96,9625559048,VLA,1095.02
1195,97,5066260723,TDA,10336.22
1196,98,1566130762,CCA,39470.06
1197,98,1331065933,VLA,61447.94
1198,98,6895906023,VLA,31145.2
1199,99,6450039431,CCA,49182.82
1200,99,3841388791,CCA,40485.76
1201,99,5450758730,HLA,407206.24
1202,100,7063172794,TDA,45285.93
1203,100,7141680806,VLA,24847.9
1204,100,8017875587,VLA,23465.47
1205,101,9888100467,CHK,30154.19
1206,102,1814605393,CCA,16710.19
1207,102,6453034996,HLA,212797.48
1208,102,3474010992,VLA,74128.19
1209,103,5996756766,TDA,46861.27
1210,103,8084622168,CCA,31974.09
1211,104,8123161230,CHK,56583.67
1212,105,9387004601,CCA,30181.68
1213,105,3035935830,VLA,94641.23
1214,106,5639307176,CCA,17082.03
1215,106,9541157949,VLA,47578.17
1216,107,6608870550,HLA,51103.09
1217,107,8897266891,CHK,21484.47
1218,107,3883392648,VLA,47086.38
1219,108,1742068131,CCA,23488.38
1220,108,7530336270,TDA,21925.4
1221,109,2298183773,CHK,62376.76
1222,110,3981900526,VLA,5582.32
1223,110,9411384367,CCA,1395.77
1224,110,4522243857,CHK,2159.55
1225,111,3594449179,TDA,29816.79
1226,111,6470052533,TDA,44904.71
1227,111,9238149063,VLA,25476.87
1228,112,7843661787,TDA,3736.68
1229,113,7338846946,HLA,305171.72
1230,113,2504361429,VLA,33176.75
1231,114,2291957258,VLA,42318.25
1232,114,3982739036,CCA,14324.93
1233,115,5122962316,TDA,21128.82
1234,116,5065807528,CCA,31600.98
1235,117,9653436168,CCA,20636.51
1236,118,9966762409,CCA,17541.1
1237,118,1490140738,VLA,61657.99
1238,118,5877102329,TDA,6472.5
1239,119,9162537698,TDA,1093.14
1240,120,1077076112,CHK,81503.72
1241,121,2147940245,VLA,89451.76
1242,121,1868601692,TDA,41720.02
1243,122,5538975337,CHK,60165.71
1244,122,3076955130,TDA,45795.88
1245,123,5114648569,CHK,84090.36
1246,124,5392901629,VLA,2142.57
1247,125,8580658562,VLA,36498.1
1248,125,9835775425,VLA,46476.65
1249,126,9825679168,TDA,760.45
1250,127,9944490767,TDA,39880.08
1251,128,5392901739,TDA,21451.83
1252,129,9779048197,CHK,91437.95
1253,129,2431976831,HLA,487670.95
1254,129,5376206719,CCA,29645.47
1255,130,3304264759,CHK,39326.23
1256,130,5540457679,VLA,12248.99
1257,131,1737077732,HLA,168305.22
1258,132,3409623633,CCA,8750.84
1259,132,2296447143,CCA,48062.42
1260,132,4100918618,CHK,26366.17
1261,133,2358426354,HLA,340099.56
1262,133,8531800574,TDA,29193.59
1263,133,2166457389,CHK,48635.57
1264,134,6873506293,HLA,63643.89
1265,134,1911408302,CCA,26311.42
1266,135,7476946297,CCA,43630.99
1267,135,5168562189,VLA,47906.2
1268,135,8990292856,VLA,54149.22
1269,136,6007197785,TDA,16657.83
1270,137,3352745010,HLA,207429.98
1271,137,4051712184,CHK,54702.47
1272,138,2968869718,VLA,36353.92
1273,139,2886087387,HLA,429644.28
1274,140,6670163627,TDA,12906.24
1275,140,6736990063,TDA,4239.31
1276,140,5630932289,HLA,488983.52
1277,141,1317263152,CHK,34192.5
1278,141,5829144689,VLA,6004.4
1279,142,9930340923,CHK,52804.02
1280,142,7063042346,CHK,37436.06
1281,142,1548308399,TDA,35942.28
1282,143,3385715051,TDA,34029.62
1283,143,1874278397,TDA,22465.82
1284,144,7011193251,CHK,77651.56
1285,144,6644353192,VLA,86239.19
1286,144,3784630069,TDA,33838.55
1287,145,5126789477,TDA,1554.04
1288,145,1672293424,CHK,64477.99
1289,145,6276003285,VLA,59224.52
1290,146,2278675863,CHK,19815.8
1291,147,9852488814,VLA,77182.53
1292,148,1408657631,HLA,356205.25
1293,149,9951374073,HLA,293495.47
1294,149,2743126778,CHK,30640.89
1295,149,9018780602,TDA,3104.65
1296,150,5415296399,TDA,11316.54
1297,151,1918322939,VLA,6319.75
1298,151,4437148219,CHK,70616.5
1299,151,7900813974,VLA,4058.99
1300,152,5904121004,CHK,76242.66
1301,152,1217363706,CHK,93377.2
1302,153,3864028535,HLA,100486
1303,154,5303142739,CCA,39482.8
1304,155,9881612469,TDA,14675.95
1305,155,4849649182,TDA,30445.46
1306,156,8121879401,TDA,30598.9
1307,156,6087265040,CHK,65946.25
1308,157,8398175816,CHK,82335.36
1309,157,3282685299,CCA,11613.39
1310,157,4905095709,HLA,76240.21
1311,158,8010108990,HLA,229059.23
1312,158,8991640489,CHK,40496.81
1313,159,9118436469,CHK,93912.61
1314,159,4907829167,CCA,45036.62
1315,160,3253221455,CHK,79322
1316,161,6704411281,HLA,241377.63
1317,161,3743968220,HLA,390940.87
1318,162,8704865391,VLA,93160.78
1319,162,3280014097,CHK,37044.47
1320,162,6303492986,CCA,20582.47
1321,163,9245422265,VLA,43358.14
1322,163,4805431110,VLA,46657.68
1323,163,9156564441,TDA,42806.4
1324,164,2963251949,HLA,312459.67
1325,164,8349124107,VLA,94593.45
1326,164,9747773584,VLA,97971.12
1327,165,4469211492,CCA,28164.1
1328,165,7999910074,HLA,241306.29
1329,165,3724723533,CCA,36105.82
1330,166,3691025817,TDA,14225.87
1331,166,6495215380,VLA,41251.05
1332,166,8606276741,HLA,201411.81
1333,167,8609340169,VLA,46083.2
1334,167,5203146970,CHK,68318.8
1335,168,5215220755,HLA,102043.85
1336,168,8498998046,CCA,4769.83
1337,168,2999787586,TDA,16820.86
1338,169,3800989367,CCA,11630.05
1339,169,1068143658,TDA,30888.13
1340,170,1026266714,VLA,90269.56
1341,170,3182600437,TDA,4916.11
1342,171,2711535487,TDA,17090.93
1343,171,5702930539,VLA,58472.22
1344,172,6926431118,TDA,43164.88
1345,173,8916993895,TDA,48250.68
1346,173,9845501385,HLA,431177.63
1347,173,1689526975,HLA,420079.53
1348,174,4873942843,TDA,39600.42
1349,175,1250017821,CCA,23751.39
1350,176,3284556017,CCA,20086.98
1351,176,6597398159,CCA,37885.66
1352,176,7253566440,VLA,46410.39
1353,177,4872356885,VLA,65593.06
1354,177,9415489127,CHK,99359.44
1355,178,2279186150,HLA,219761.82
1356,178,6528344334,VLA,13432.13
1357,178,2072621400,VLA,40368.54
1358,179,4580955753,CCA,5046.12
1359,180,5476917478,CCA,32291.85
1360,180,8055441699,VLA,72447.9
1361,181,5585263096,CCA,10568.78
1362,182,6126668432,CCA,15415.12
1363,182,7668920046,CHK,7550.33
1364,183,4223389231,CHK,76897.24
1365,183,2540166078,CHK,42879.36
1366,184,7562949115,CHK,39255.48
1367,184,5723982783,HLA,400322.37
1368,184,5654696063,VLA,19915.14
1369,185,2569719474,CCA,32761.91
1370,185,6449590892,HLA,443837.47
1371,185,7006827441,CHK,88509.56
1372,186,5545806016,TDA,4460.99
1373,186,2057290995,TDA,14097.71
1374,186,3047600433,HLA,303175.7
1375,187,9096016324,TDA,46265.24
1376,188,7655638496,CCA,15929.73
1377,189,9678119366,TDA,16489.56
1378,190,8930281764,VLA,33502.57
1379,191,6667967465,HLA,164954.5
1380,191,7121883511,HLA,184012.8
1381,192,7879140112,CCA,3576.92
1382,192,9017945741,VLA,42923.82
1383,193,1779231834,TDA,31250.25
1384,193,8077230432,HLA,363012.42
1385,193,7850423034,CCA,31457.16
1386,194,6745033579,VLA,68121.07
1387,194,7141496112,CHK,30738.43
1388,194,1243402361,VLA,21367.55
1389,195,6258663682,CCA,24658.07
1390,196,5522878098,TDA,37290.28
1391,197,2546258026,CCA,8090.29
1392,198,9894669648,HLA,425081.56
1393,199,8527509330,TDA,41378.37
1394,199,8852676069,CCA,20428.07
1395,200,1177919116,VLA,23468.52
1396,200,5238337676,CCA,4716.02
1397,201,7680413302,CHK,10986.52
1398,202,6854439393,CHK,19020.6
1399,203,2910852414,CHK,7281.06
1400,203,5979408136,VLA,95362.25
1401,203,3401610499,HLA,335261.64
1402,204,1156705948,HLA,94991.07
1403,204,4691484288,CCA,17662.64
1404,205,9523163582,CHK,69461.42
1405,205,7143770859,TDA,1535.25
1406,205,6331413246,VLA,83942
1407,206,3948455940,CCA,44219.99
1408,206,2075061779,CCA,4864.21
1409,207,5133097693,CHK,1792.82
1410,208,2556343103,CHK,25343.16
1411,208,4487567224,CHK,61003.18
1412,208,6676850988,CHK,37651.13
1413,209,1807354811,TDA,16897.76
1414,210,8317420221,HLA,67758.51
1415,211,5963540849,CCA,13855.97
1416,211,6823898296,TDA,3002.34
1417,211,6313273480,TDA,21865.13
1418,212,1164324653,TDA,36018.9
1419,212,5871489327,VLA,86009.75
1420,212,8200149349,CCA,16305.84
1421,213,9143160971,VLA,50143.53
1422,214,4394331613,CCA,8154.34
1423,214,2117467577,VLA,76708.63
1424,214,2731676075,TDA,21752.5
1425,215,3249495145,TDA,25715.78
1426,215,8654306608,CHK,89142.57
1427,216,4570536105,HLA,235879.31
1428,217,6760470255,VLA,69764.69
1429,217,3372128790,TDA,7537.02
1430,217,2121219253,TDA,30930.1
1431,218,4103012908,TDA,15558.38
1432,218,9681922411,TDA,9734.69
1433,218,7427305138,CHK,80746.58
1434,219,7897298510,TDA,13666
1435,219,5013551887,CCA,21873.3
1436,219,6908780826,TDA,17205.38
1437,220,9896036191,CCA,34492.21
1438,220,3814588485,CHK,49293.45
1439,221,3883082141,HLA,159327.56
1440,221,8557454852,VLA,92897.53
1441,221,8207846063,VLA,30048
1442,222,7335547872,HLA,441836.15
1443,222,8053558664,VLA,73231.78
1444,223,2469848937,CHK,43113.61
1445,223,9887696051,CHK,54816.75
1446,223,4922565256,CHK,65349.41
1447,224,8982382041,TDA,45758.2
1448,224,8203272075,VLA,37613.9
1449,225,8592617540,TDA,27521.7
1450,226,5129640299,TDA,42391
1451,227,9750212005,CCA,24329.03
1452,227,9489696549,CCA,18190.2
1453,227,5491922244,HLA,486602.56
1454,228,9814624646,CCA,31995.64
1455,229,3965390973,VLA,54318.79
1456,229,4961323409,VLA,34355.43
1457,229,5515064196,HLA,407585.58
1458,230,3419793592,CHK,39589.63
1459,231,4793751371,CHK,23219.62
1460,231,8692033226,CHK,64705.05
1461,231,1929974226,HLA,350487.39
1462,232,6052902407,HLA,428200.89
1463,232,6948891370,HLA,236043.8
1464,233,3023502492,CCA,12602.39
1465,233,2914942786,CHK,98960.09
1466,234,9190602257,HLA,194894.49
1467,235,1156643447,TDA,49025.46
1468,235,1006811213,CCA,48398.09
1469,236,3695132809,TDA,6598.11
1470,237,7507993023,CCA,13161.12
1471,238,8758994814,CHK,15636.14
1472,238,4315192508,CCA,17174.49
1473,239,6289373001,HLA,77186.41
1474,240,5866844046,CHK,41866.15
1475,240,3663751439,TDA,23227.63
1476,240,6631113028,CCA,46063.69
1477,241,4246064160,TDA,20995.14
1478,241,1745878458,TDA,39318.82
1479,241,4830330263,CCA,14694.1
1480,242,3296335128,CHK,23814.13
1481,242,5524270771,CHK,24868.02
1482,243,1799518880,TDA,40451.14
1483,243,7907440522,TDA,19916.42
1484,244,1320746822,CHK,72850.77
1485,244,5791664561,CHK,61033.35
1486,245,5997711812,HLA,342973.78
1487,245,4896717959,CHK,42039.5
1488,246,6970992966,CHK,30652.96
1489,246,3098947932,TDA,11231.39
1490,247,9675899634,HLA,426026.05
1491,248,9630003814,TDA,18086.81
1492,248,9436363443,TDA,43985.3
1493,249,6498045671,VLA,13091.03
1494,249,9981651259,HLA,347324.08
1495,249,1295438766,VLA,99739.26
1496,250,5943884751,VLA,60051.11
1497,250,9442604058,VLA,8353.08
1498,251,3777976434,VLA,71746.83
1499,251,4900940000,CHK,47708.68
1500,251,4932727596,TDA,5568.6
1501,252,2028617924,VLA,81671.9
1502,252,6658666065,CCA,25745.76
1503,253,8357517820,CCA,35070.31
1504,253,6398636907,CHK,13220.18
1505,253,7810797879,HLA,332770.22
1506,254,7780228694,CHK,39395.12
1507,254,5294834073,CCA,24422.59
1508,255,7473018911,HLA,188873.29
1509,255,9418716550,CCA,44587.28
1510,255,2647860377,HLA,98174
1511,256,7036468355,VLA,71389.34
1512,256,7461750368,CCA,41281.07
1513,256,2770975240,CHK,27075.9
1514,257,7068858622,HLA,438084.9
1515,257,8187690574,VLA,38209.43
1516,257,3274911801,CHK,91974.34
1517,258,4414013425,CCA,3600.51
1518,258,1630724516,VLA,37162.21
1519,258,4400638408,CHK,17190.45
1520,259,6795201622,CHK,23657.28
1521,259,8423690892,CHK,93384.79
1522,259,6898176260,CHK,11560.36
1523,260,9519385925,VLA,85401.76
1524,260,5214949308,TDA,19989.1
1525,260,6524325441,CCA,30146.77
1526,261,9776741355,HLA,390335.5
1527,261,7655767288,CHK,58361.33
1528,261,5161794781,CHK,17480.97
1529,262,8746058502,VLA,7714.91
1530,263,6029742788,CCA,4914.94
1531,263,3192646505,CCA,40030.52
1532,263,6356777796,CHK,21421.64
1533,264,2496371674,HLA,165724.21
1534,265,6058814652,VLA,94078.81
1535,266,8272659045,CCA,39167.36
1536,267,6622124402,HLA,477602.2
1537,268,4331068269,CHK,78310.7
1538,268,2212545365,CCA,45052.09
1539,269,2335484937,HLA,234048.94
1540,269,6932938415,TDA,20278.46
1541,269,7575497250,CHK,60799.81
1542,270,9092314301,TDA,31482.31
1543,270,8494031532,HLA,86919.65
1544,271,3880921166,TDA,21846.68
1545,271,3074333012,CHK,1003.63
1546,272,3159953463,CCA,18616.13
1547,272,7599248652,CCA,17557.64
1548,272,4857813580,HLA,348448.37
1549,273,3819022386,TDA,12106.64
1550,273,5266103350,HLA,311497.73
1551,274,7037753677,CCA,24519.37
1552,275,2833836028,TDA,15873.86
1553,275,6971384553,CHK,95016.86
1554,275,6725818655,CCA,37227.7
1555,276,2693557870,CCA,16999.74
1556,276,5867864017,HLA,335973.71
1557,276,9625917105,HLA,480360.51
1558,277,8058802963,VLA,51067.08
1559,277,4660332445,TDA,1051.38
1560,277,2359178552,CHK,59353.82
1561,278,2526446386,CHK,49021.8
1562,278,6221510575,HLA,141825.28
1563,279,2073134355,TDA,31927.88
1564,280,1845988731,VLA,53291.81
1565,280,4159684810,VLA,41877.88
1566,280,3740915686,TDA,3563.72
1567,281,4868531706,HLA,305362.03
1568,281,7775146489,CHK,75321.81
1569,281,9310598429,TDA,2024.97
1570,282,8144211526,HLA,220428.84
1571,283,2078370245,CHK,52664.05
1572,283,6530341890,CCA,25245.82
1573,283,4082777391,CCA,31530.8
1574,284,8401375973,CCA,31822.87
1575,284,5736856300,TDA,9716.2
1576,285,3666241852,CCA,43883.51
1577,285,1808831690,VLA,20595.7
1578,285,5593329874,CHK,46325.55
1579,286,8969322347,CHK,14299.31
1580,286,4137406628,VLA,26978.2
1581,286,7805163027,VLA,87228.44
1582,287,4822662848,HLA,367759.95
1583,287,6460428047,TDA,26880.42
1584,288,8170319286,CCA,18403.76
1585,289,8049696578,HLA,165962.51
1586,289,8283703731,CHK,97162.75
1587,289,3183779118,CCA,24868.91
1588,290,7794066422,CHK,54643.94
1589,290,1744773105,VLA,40649.69
1590,291,3047730884,CCA,19006.66
1591,292,7005468561,TDA,46511.89
1592,293,6371089950,CCA,23135.97
1593,294,2389552903,TDA,14273.75
1594,294,2441650418,CCA,21106.67
1595,294,2868169876,TDA,7205.32
1596,295,1761997805,HLA,271143.64
1597,295,5484458196,VLA,47396.23
1598,295,3838589801,CHK,44714.3
1599,296,9902315748,CCA,29008.19
1600,297,5878769264,TDA,23464.29
1601,298,5014241405,CHK,5942.9
1602,299,4736456111,VLA,70376.07
1603,299,1166218802,TDA,2966.96
1604,299,6759173821,VLA,55906.6
1605,300,5691908485,VLA,67025.67
1606,300,6327078391,CHK,44728.84
1607,301,2796458714,CHK,6456.27
1608,301,8192392802,CCA,38891.3
1609,301,7668424192,HLA,81715.74
1610,302,4940452481,TDA,35494.1
1611,302,7529477860,CHK,46987.5
1612,303,8583318228,CCA,4434.39
1613,304,8254699330,CCA,21079.79
1614,304,2732260898,TDA,29630.78
1615,305,6454536644,HLA,188638.69
1616,305,9343071396,CCA,8777
1617,306,2167967429,CCA,22329.98
1618,306,3109220702,VLA,3561.34
1619,307,1777945083,CCA,36348.59
1620,307,4472320696,CCA,48151.67
1621,307,9913345357,CCA,46104.27
1622,308,9530140631,CHK,57336.9
1623,308,9052442993,CHK,19878
1624,308,4735999970,HLA,306994.15
1625,309,9140255032,CHK,24967.18
1626,309,4866938107,CHK,46660.52
1627,309,3425561215,CHK,81547.05
1628,310,1202033140,CHK,28836.55
1629,310,9007963441,CHK,51048.11
1630,310,1840317671,VLA,80375.3
1631,311,5240869163,CHK,1268.27
1632,311,5674784777,CHK,96572.49
1633,311,8165948083,CHK,20018.79
1634,312,8722404816,TDA,13007.24
1635,312,4468175761,HLA,479014.88
1636,312,4058632733,VLA,33422
1637,313,8624877375,CHK,78218.09
1638,314,3770468255,VLA,18637.58
1639,314,1700578975,CHK,81163.99
1640,315,9844944440,VLA,36359.08
1641,316,8645250559,CHK,19823.2
1642,316,9002601029,CHK,30371.08
1643,316,3210691560,TDA,2598.14
1644,317,9653603703,HLA,386405.1
1645,318,4706159885,CCA,20130.07
1646,318,7035782161,VLA,29437.79
1647,319,8413973130,TDA,18068.76
1648,319,8407453591,HLA,424816.36
1649,320,9302213860,TDA,19254.29
1650,321,7270024555,TDA,23178.88
1651,321,2848355017,VLA,48130.75
1652,321,2042393250,CCA,38044.26
1653,322,1500983430,TDA,40577.81
1654,322,5491355716,CHK,24395.05
1655,323,2193496956,CHK,48433.3
1656,323,7343514249,CCA,532.51
1657,323,3196645929,CHK,89427.47
1658,324,2226893490,HLA,278468.36
1659,325,2691328152,CHK,68032.9
1660,326,1492841518,CHK,5187.34
1661,326,9443958931,HLA,65834.52
1662,326,8482386873,HLA,390254.42
1663,327,7119193393,CCA,37257.13
1664,327,1181614243,CHK,50805.59
1665,327,8930345219,HLA,405357.27
1666,328,3720073812,VLA,8325.34
1667,329,6554518383,TDA,33303.99
1668,330,6351313491,HLA,197118.81
1669,330,4722827368,CHK,36016.49
1670,331,1657420289,CCA,42858.61
1671,332,5724566103,CHK,24318.93
1672,333,8642705585,VLA,84074.12
1673,333,5675975056,CHK,56011.4
1674,334,9709617503,VLA,44530.54
1675,335,5623009199,CCA,970.45
1676,335,8500098778,HLA,258244.95
1677,335,6473113502,CHK,81100.3
1678,336,9971959601,TDA,5917.23
1679,336,7124778330,TDA,1885.38
1680,336,4568949652,CCA,29667.78
1681,337,8885621129,CHK,74795.56
1682,337,5075418030,HLA,225855.99
1683,338,5471463265,CCA,43371.5
1684,338,4779561196,VLA,35842.33
1685,339,5564359182,HLA,402267.51
1686,339,7406384872,CHK,83196.66
1687,340,8732135425,HLA,395701.03
1688,341,9544211388,HLA,418549.13
1689,341,6369054195,HLA,265692.27
1690,341,1916994434,TDA,38271.08
1691,342,5980745683,CHK,52693.73
1692,342,2917415633,HLA,327839.18
1693,342,5302475301,VLA,26999.81
1694,343,3583674268,CCA,11627.62
1695,344,8541290456,VLA,87637.79
1696,344,2163640986,CCA,32284.33
1697,345,5218219010,TDA,26275.32
1698,345,4303309768,HLA,83663.99
1699,345,1881360531,TDA,5951.56
1700,346,4712608841,HLA,381250.52
1701,347,7394540200,CHK,18463.65
1702,347,1740831552,CHK,98504.72
1703,347,8471512324,CHK,46812.1
1704,348,6098235123,TDA,6954.49
1705,348,3680648934,HLA,199234.38
1706,348,9823004091,VLA,59544.43
1707,349,5936381365,VLA,14024.56
1708,350,1139058223,CCA,122.83
1709,351,3447876933,HLA,402976.2
1710,351,8797930206,CCA,8171.84
1711,351,9333428519,CCA,32830.31
1712,352,7193863183,HLA,488653.22
1713,352,7830840669,TDA,46557.64
1714,353,9610316126,HLA,357575.63
1715,353,1518447246,CHK,10829.38
1716,353,8609598462,CCA,25891.8
1717,354,5526936394,CHK,80354.32
1718,354,9916902335,VLA,82373.35
1719,354,2243625194,HLA,212061.22
1720,355,5057195372,HLA,360031.06
1721,356,4357265923,HLA,64749.2
1722,356,2685243324,CHK,44421.77
1723,356,7038371131,VLA,94164.09
1724,357,5141144256,HLA,372484.82
1725,358,8051022898,CCA,6180.82
1726,358,4074765896,CCA,12047.86
1727,358,5740015416,HLA,462192.48
1728,359,6035508992,CHK,75664.15
1729,359,5391069713,HLA,180152.15
1730,360,4952274970,TDA,36936.38
1731,360,6477414004,HLA,57767.93
1732,361,1994251826,VLA,81900.36
1733,361,9089270123,HLA,245052.75
1734,362,1408091066,VLA,51294.87
1735,363,9385006786,VLA,9804.99
1736,363,1348061162,CHK,84189.72
1737,364,7150521098,CHK,48202.49
1738,364,8521696930,CHK,19743.22
1739,364,2644848986,HLA,445043.92
1740,365,9862631572,CCA,49205.81
1741,365,7294977988,VLA,66796.45
1742,365,2510870067,VLA,5358.12
1743,366,7022312000,HLA,107001.78
1744,366,5782433494,CHK,77519.96
1745,366,1119884914,CCA,39315.47
1746,367,6560790756,HLA,408583.67
1747,367,1443610960,CHK,61154.46
1748,368,6851308343,CCA,46971.2
1749,368,8348867140,HLA,79205.67
1750,368,1825444482,CHK,50560.28
1751,369,5072356951,TDA,25809.64
1752,370,7931016920,HLA,448004.94
1753,370,4667582532,HLA,239087.05
1754,371,3752354914,CHK,56151.61
1755,371,7718171278,VLA,64165.64
1756,371,3300958485,CCA,40772.32
1757,372,4365526937,CCA,22084.37
1758,372,8167852990,CHK,76471.64
1759,373,4173056818,CCA,32375.84
1760,374,1695107242,VLA,87212.94
1761,375,6484271843,TDA,1171.93
1762,376,4240057118,CCA,32461.72
1763,376,7599382216,HLA,165611.37
1764,376,8494135901,HLA,134158.52
1765,377,5794772733,TDA,26016.07
1766,378,8772427924,VLA,48293.62
1767,378,7107612335,TDA,37015.71
1768,379,4693911694,VLA,64609.35
1769,380,2193594638,VLA,12638.58
1770,380,5340695901,CHK,39059.45
1771,380,4202308545,TDA,38759.93
1772,381,8281914690,VLA,32763.57
1773,381,2985615561,CCA,2048.25
1774,382,4156432785,VLA,65215.18
1775,382,3323986921,CCA,36537.52
1776,382,9743881723,CCA,1942.39
1777,383,3560996356,CCA,20049.04
1778,383,1504517060,CHK,95500.28
1779,384,1695338635,CHK,67786.43
1780,385,6615167092,CHK,87828.81
1781,385,9640204532,HLA,175777.72
1782,385,3092753000,CHK,29479.83
1783,386,9701409866,HLA,445163.06
1784,387,1295099180,VLA,35580.78
1785,387,3073649822,VLA,57634.16
1786,388,4505851943,HLA,380284.11
1787,388,1398609772,HLA,63056.17
1788,388,8754471915,HLA,420106.11
1789,389,4931907188,TDA,39744.07
1790,389,1684156522,CCA,16295.14
1791,389,7645296968,CCA,18468.6
1792,390,2639113607,HLA,401091.44
1793,390,4356818226,CCA,14522.65
1794,391,5864222556,CHK,90109.73
1795,392,7419470002,HLA,334486.27
1796,393,3959944483,HLA,162599.61
1797,393,4479470107,VLA,58684.71
1798,394,6445336543,HLA,420573.81
1799,394,9386123928,CCA,26515.11
1800,395,6395299375,HLA,121226.6
1801,395,7435012462,HLA,484071.91
1802,395,4753211999,CCA,34685.05
1803,396,6582503032,CHK,86946.59
1804,396,2923410215,CHK,23310.27
1805,396,7943408560,CHK,81212.98
1806,397,8404493970,CCA,37604.12
1807,398,7304000542,CCA,36671.5
1808,398,1944325974,TDA,11248.9
1809,399,7720447536,CHK,70644.83
1810,400,5736826419,VLA,6050.79
1811,400,3444436314,HLA,285710.21
1812,400,7821189851,TDA,26770.31
1813,401,9523047868,CCA,41383.5
1814,402,9834107747,CHK,50983.8
1815,402,5124045270,CCA,31130.27
1816,402,9294815557,CHK,92430.5
1817,403,3840128859,VLA,14165.86
1818,404,2081958007,VLA,9895
1819,404,8734363542,CHK,93285.24
1820,405,3352738507,VLA,99543.29
1821,405,3956263213,VLA,79573.9
1822,405,9548670568,HLA,240880.61
1823,406,3714609656,TDA,2197.08
1824,406,3097682497,TDA,26051.19
1825,407,6485498742,VLA,24593.74
1826,408,2414227864,CCA,16836.38
1827,409,2518677594,VLA,88871.08
1828,409,6694247568,HLA,246857.95
1829,409,8554215936,VLA,68664.69
1830,410,9119502616,TDA,32500.73
1831,410,4895087499,HLA,190383.46
1832,411,7469694178,CHK,12229.21
1833,411,6852568749,TDA,9553.25
1834,412,1102271563,TDA,45578.52
1835,412,7492964018,HLA,204115.18
1836,412,2686454029,CCA,19643.36
1837,413,3424108452,HLA,93987.71
1838,413,9659063458,VLA,48919.14
1839,414,7239813684,VLA,79848.3
1840,414,8838756895,CCA,7649.44
1841,415,1118081232,CHK,83657.7
1842,415,8786622032,CCA,31645.68
1843,415,6010218108,CHK,72037.15
1844,416,5931731514,TDA,40214.15
1845,417,6131168655,HLA,204452.89
1846,418,6907782340,CHK,11463.43
1847,418,3753771357,TDA,11227.47
1848,418,7979371467,CCA,43299.39
1849,419,7546536504,CCA,43049.4
1850,419,3543692464,CCA,38895.57
1851,420,3604097134,TDA,44273.06
1852,420,8185271406,CCA,325.44
1853,420,9874828280,CHK,20798.81
1854,421,3899015807,HLA,312941.89
1855,421,6871670218,CHK,32674.13
1856,421,3953518715,HLA,73051
1857,422,8943369551,TDA,13213.78
1858,422,6864670361,TDA,32340.08
1859,422,3019644752,CHK,45350.17
1860,423,5183112034,CHK,47906.97
1861,423,9650132958,CHK,43407.39
1862,424,6290650991,TDA,28315.94
1863,424,3664781610,HLA,447921.27
1864,424,4128130034,VLA,34672.49
1865,425,3770177697,VLA,14033.79
1866,425,1443051782,VLA,84764.48
1867,426,8431283882,HLA,154364.66
1868,427,6678999309,VLA,25395.19
1869,427,5612034404,CCA,24382.98
1870,428,8668901612,HLA,74785.45
1871,428,4745033975,VLA,46672.55
1872,428,9594382342,CCA,45212.19
1873,429,3206314743,CCA,43538.75
1874,429,9360251830,CHK,25582.92
1875,429,9204680782,TDA,43003.56
1876,430,5932020904,CCA,40483.58
1877,430,7263731757,VLA,36087.19
1878,431,4316482836,CHK,94684.73
1879,432,2530106420,VLA,66403.47
1880,432,9452874239,HLA,252035.32
1881,433,5610782418,HLA,64463.13
1882,434,6450401829,HLA,458790.65
1883,435,9367838972,CCA,43653.07
1884,435,6583847305,HLA,262706.21
1885,435,8816228909,VLA,32226.82
1886,436,2333955938,CCA,27298.41
1887,436,8556154916,VLA,90896.97
1888,437,5826227465,CHK,49566.38
1889,437,9818981257,VLA,37048.76
1890,437,1262454829,HLA,423620.22
1891,438,9742638816,CCA,2935.29
1892,439,6130476693,TDA,15985.79
1893,439,3226177424,CHK,69447.96
1894,440,8216388954,VLA,7669.26
1895,440,7831842314,CCA,36647.47
1896,441,9337619521,CCA,224.8
1897,441,3659851120,TDA,10768.58
1898,441,2903876943,TDA,33769.38
1899,442,1476110048,HLA,214021.02
1900,442,2371336518,HLA,298423.43
1901,442,5548924221,CCA,31973.63
1902,443,5514440693,HLA,208924.23
1903,444,2103285212,CCA,22926.22
1904,444,9103655236,CCA,42138.58
1905,444,8212825821,VLA,48235.75
1906,445,5287352047,TDA,49613.78
1907,445,9396759942,HLA,113782.12
1908,446,6853089276,HLA,250588.37
1909,447,8520697314,VLA,50467.08
1910,447,6813892696,VLA,46175.66
1911,447,4926950007,TDA,44106.35
1912,448,6472100813,CCA,45791.97
1913,449,8699890621,CHK,39263.84
1914,449,5224410399,HLA,74086.48
1915,450,8622662779,TDA,37849.58
1916,451,2542541388,TDA,4090.54
1917,452,3313015101,CCA,49823.59
1918,452,1090551797,HLA,152315.74
1919,453,6195419230,CHK,93260.97
1920,453,8431872451,TDA,10153.49
1921,454,9125729357,CHK,82867.89
1922,455,3227214446,TDA,5394.7
1923,455,2930377180,CCA,22893.2
1924,455,6739251882,CHK,85858.95
1925,456,4607141123,TDA,46283.66
1926,456,3971028791,VLA,43011.44
1927,457,9026704998,CHK,39164.36
1928,458,1101524245,TDA,49819.85
1929,458,2301347390,HLA,347322.06
1930,459,8669997450,CCA,22667.09
1931,460,4546163936,HLA,164452.02
1932,461,6147050918,VLA,36931.04
1933,462,6176809414,HLA,71141.05
1934,463,7397944729,HLA,98792.27
1935,464,8442639768,HLA,445775.29
1936,464,5431451500,VLA,79396.64
1937,465,9424462739,CHK,88765.36
1938,466,1951230705,VLA,35633.4
1939,467,9381257226,VLA,33433.28
1940,467,8253444058,CHK,96981.84
1941,468,9534121915,HLA,322731.66
1942,469,7284855242,CHK,8975.43
1943,469,6630736736,VLA,85444.89
1944,469,4013203577,VLA,86290.76
1945,470,2940018172,TDA,23055.03
1946,470,3093653321,HLA,329702.51
1947,471,7953877143,CCA,38357.03
1948,471,7089709655,TDA,32526.98
1949,472,6724418258,CHK,58399.78
1950,472,2260576764,VLA,54545.25
1951,473,4971762020,CCA,12470.94
1952,474,8096802582,HLA,315792.06
1953,474,8634967733,VLA,9151.34
1954,475,4578375542,CHK,54656.16
1955,475,4989124934,HLA,311135.28
1956,475,9675031420,CHK,65955.35
1957,476,9409677186,TDA,3004.46
1958,476,5161868758,TDA,35850.21
1959,477,7211189864,HLA,497923.76
1960,477,3123404568,TDA,46092.32
1961,477,9464203179,TDA,28133.12
1962,478,9809348028,VLA,80030.39
1963,479,2288964817,CCA,25441.04
1964,480,7601900011,TDA,44396.13
1965,480,9517452111,VLA,70026.63
1966,480,9943288322,HLA,395503.33
1967,481,6728444035,TDA,10639.36
1968,482,7431232995,TDA,24070.2
1969,483,9622404779,VLA,90308.47
1970,484,5617347835,CHK,57376.71
1971,485,8815200400,VLA,21606.51
1972,485,8641333919,TDA,24271.6
1973,486,1584543978,CCA,39164.65
1974,486,3461006656,CCA,35566.44
1975,487,1674837559,CHK,90183.85
1976,487,4269597993,TDA,48498.1
1977,487,2637896335,CCA,26196.37
1978,488,9437820344,CCA,6993.36
1979,488,8729409044,TDA,45305.57
1980,488,2259636553,CHK,934.04
1981,489,7437319367,CHK,16060.97
1982,489,5452945978,HLA,466371.31
1983,489,4513041390,CHK,92937.74
1984,490,3757096920,VLA,94375.78
1985,490,6576102882,HLA,228784.12
1986,490,5539372946,TDA,12549.59
1987,491,1386223034,VLA,80007.29
1988,491,7457463380,HLA,446234.07
1989,492,2258627641,CCA,7395.48
1990,492,9478477434,HLA,367157.83
1991,492,3777548673,TDA,37356.85
1992,493,7150873829,CHK,77129.87
1993,494,2168996373,CCA,46946.49
1994,495,1092814449,CCA,34319.01
1995,495,3835230011,TDA,11248.17
1996,495,5975889519,CHK,36697.96
1997,496,8364917312,TDA,47783.79
1998,496,7277152637,TDA,44626.12
1999,497,3864514890,TDA,17951.79
2000,497,1028143135,CHK,72218.16
2001,497,5513543465,CHK,23177.44
2002,498,1238864017,VLA,45218.53
2003,498,6389114968,HLA,345719.39
2004,498,9851819403,CHK,49213.72
2005,499,8560449964,CHK,61827.18
2006,499,6957993998,TDA,49041.44
2007,500,9121407272,TDA,35431.99
2008,500,1022179910,CCA,26452.71
2009,501,8027504787,HLA,235731.42
2010,502,4927392462,CHK,19591.71
2011,503,3150205888,VLA,89691.71
2012,504,5433980513,HLA,324458
2013,505,3498234809,VLA,38487.39
2014,505,7173489310,TDA,2673.52
2015,506,2222464792,CCA,41145.04
2016,506,6477894446,TDA,34299.86
2017,506,7279143181,TDA,14216.48
2018,507,3019750857,CHK,80156.32
2019,508,4056229695,VLA,17532.86
2020,508,2775992274,TDA,24253.73
2021,508,8654256958,HLA,273241.92
2022,509,1275484634,CHK,17220.22
2023,510,1391030934,CHK,33436.6
2024,510,7448218556,CCA,31248.12
2025,511,9841244982,CCA,39919.17
2026,511,2446843981,VLA,69782.65
2027,511,2156960755,CCA,8086.35
2028,512,7816479104,CCA,7340.03
2029,512,9033266372,TDA,9811.82
2030,512,8510824061,TDA,14026.12
2031,513,8385699230,CHK,9729.95
2032,513,8026676652,VLA,35692.62
2033,513,2101477827,HLA,207396.56
2034,514,3371635092,CCA,35788.57
2035,514,7627479942,CCA,12708.91
2036,515,1821333587,CHK,86877.22
2037,515,8143329953,CHK,65973.64
2038,516,5360801153,VLA,12006.51
2039,516,9644558810,CCA,35356.75
2040,516,3092366623,CCA,16256.85
2041,517,9766279206,CHK,54593.62
2042,517,8538245557,CCA,38617.36
2043,518,4118654336,CHK,74556.01
2044,518,6800342347,CCA,24996.8
2045,519,8585355870,CCA,11545.81
2046,519,9204294933,HLA,411758.31
2047,519,5006832305,VLA,5993.65
2048,520,6851531178,CCA,14829.9
2049,520,3065381550,TDA,6309.81
2050,521,3484527147,CHK,19895.03
2051,521,6704184615,HLA,449257.38
2052,521,5349897108,CCA,44975.29
2053,522,5044248164,CCA,9720.53
2054,522,8281219914,CCA,49122.41
2055,523,4480873171,TDA,18878.92
2056,523,7855209314,CHK,6105.25
2057,523,7636141299,HLA,116406.29
2058,524,2315469331,CHK,60779.93
2059,524,5883205639,HLA,299195.47
2060,525,3628177530,VLA,47358.73
2061,525,8527527864,CCA,41073.67
2062,525,7508488514,CHK,39317.72
2063,526,3424288568,CCA,38942.26
2064,527,3485971468,HLA,492195.74
2065,527,8884103495,CHK,86890.38
2066,528,4567263439,CCA,47358.37
2067,529,3017287780,CCA,1884.01
2068,529,4018204493,CCA,7498.11
2069,529,5417804391,CHK,65263.48
2070,530,2329444642,VLA,35956.91
2071,530,3595226679,CCA,24616.74
2072,531,7872357836,CHK,74934.95
2073,532,8915060614,CHK,60007.94
2074,532,7295491047,CCA,42379.76
2075,532,3200094089,VLA,33425.53
2076,533,1782442260,VLA,81304.1
2077,533,8707725460,CCA,44222.92
2078,533,2814817730,HLA,362774.19
2079,534,5181175474,TDA,35375.31
2080,534,2677615469,VLA,60954.96
2081,535,9684210908,TDA,17808.07
2082,535,7849849002,CCA,4551.23
2083,535,6079469628,CCA,15413.85
2084,536,9617849305,VLA,79621.08
2085,536,8473903883,CCA,32246.11
2086,536,5197224264,HLA,476156.96
2087,537,7014973825,TDA,36684.58
2088,538,3582774530,TDA,47902.83
2089,538,9416373835,VLA,85014.33
2090,539,6059227849,VLA,52767.51
2091,540,2402542123,CCA,821.66
2092,541,5378921888,HLA,131838.37
2093,541,2637297204,VLA,89567.96
2094,541,2094169911,VLA,42354.98
2095,542,7155121468,CHK,19158.82
2096,542,3994914868,HLA,392264.78
2097,542,2658148366,TDA,42524.51
2098,543,9975179849,TDA,25969.56
2099,543,6121220314,CCA,15971.94
2100,544,9167765964,HLA,337401.34
2101,544,9002827471,CHK,7543.58
2102,545,5370859000,HLA,156656.93
2103,546,3957094316,TDA,45408.46
2104,547,9066597956,HLA,406862.48
2105,548,8864724529,HLA,58281.74
2106,548,9783696530,HLA,343263.69
2107,548,4938488481,CCA,16548.11
2108,549,6566536547,TDA,9637.72
2109,550,1580699593,CHK,984.44
2110,551,2756894943,VLA,81694.7
2111,551,7743313556,HLA,446522.32
2112,551,7747185837,CCA,16189.55
2113,552,7073906510,CHK,61833.3
2114,553,1363197069,CHK,44251.61
2115,554,7298156328,VLA,1354.09
2116,555,5131339654,TDA,47000.82
2117,556,5040063074,CHK,10579.69
2118,556,7055738562,CCA,47784.39
2119,556,9551667392,VLA,69191.51
2120,557,8469207494,TDA,9255.15
2121,558,5852244309,HLA,165756.63
2122,558,6180093029,TDA,44721.2
2123,559,2947696984,HLA,381575.75
2124,560,6317109794,VLA,70685.85
2125,560,3975593735,VLA,13775.76
2126,560,7735963285,HLA,126065.23
2127,561,6917170698,CCA,33767.14
2128,561,6309386285,HLA,387311.59
2129,562,8712802549,VLA,1802.07
2130,562,3997396493,HLA,214870.48
2131,562,6654765873,CCA,21877.08
2132,563,6714512790,HLA,256653.44
2133,563,1821898026,TDA,49209.64
2134,563,9672526188,CHK,91930.28
2135,564,2172104540,CHK,37851.49
2136,565,2908476255,CHK,74648.61
2137,566,9706336865,TDA,47982.96
2138,566,5930541421,CCA,28890.98
2139,567,3165934615,CHK,75910.66
2140,567,3609999619,CHK,68571.77
2141,568,7017401425,CCA,10698.34
2142,568,8620658019,TDA,43936.28
2143,569,7261277230,TDA,47440.79
2144,569,5061501753,CHK,95420.24
2145,570,1571744866,CCA,44204.73
2146,570,5179699526,HLA,127559.72
2147,571,5764648239,HLA,485258.51
2148,571,3796868954,CHK,81251.09
2149,571,9083248434,CCA,36048.96
2150,572,9800196562,TDA,5738.12
2151,572,3082278599,CCA,29480.93
2152,573,1835987124,TDA,49336.72
2153,573,2145666392,HLA,309220.51
2154,573,6649005773,CCA,31496.29
2155,574,2685517552,VLA,94758.18
2156,574,5524104039,TDA,7266.17
2157,575,7704066102,VLA,35809.21
2158,576,8647073281,CCA,16547.82
2159,576,6129597920,VLA,64996.06
2160,577,7256812174,TDA,2716.9
2161,577,5111161864,CHK,9582.31
2162,577,1819752862,TDA,38177.36
2163,578,3634710838,CHK,68852.51
2164,579,1446448249,HLA,50565.04
2165,580,9536890120,HLA,249231.83
2166,581,8141809358,CHK,46952.84
2167,581,5915473874,HLA,66497.87
2168,581,7271820906,VLA,68454.23
2169,582,9358345951,CCA,28759.94
2170,582,7500062077,CHK,9344.35
2171,582,2790590028,CCA,31959.66
2172,583,9878363794,CCA,5860.94
2173,583,9130324845,CHK,21373.3
2174,583,6027211370,CHK,25187.37
2175,584,9543250194,TDA,31798.93
2176,584,1967329869,CCA,19960.51
2177,585,9704743394,TDA,8076.3
2178,586,7106063213,CHK,77775.1
2179,586,2474895821,CHK,74731.21
2180,586,2835215699,CCA,23885.27
2181,587,2182886160,HLA,220852.42
2182,588,2466195923,TDA,33791.03
2183,589,7197838871,CHK,44547.98
2184,589,6637101093,HLA,109887.71
2185,589,5305662223,CHK,75443.04
2186,590,8873078046,CHK,65991.29
2187,591,6913813627,CCA,5710.53
2188,591,2091603337,CCA,5432.11
2189,592,4943045976,CCA,1269.02
2190,592,6165515580,HLA,208715.69
2191,593,8816861709,CCA,6818.23
2192,593,8655307393,VLA,2302.85
2193,593,8038181074,TDA,20579.64
2194,594,3441376258,TDA,32636.03
2195,595,6011320528,VLA,56330.46
2196,595,2836953384,CHK,46696.41
2197,595,9463141378,CCA,24285.32
2198,596,4055742347,TDA,26734.53
2199,596,8957960949,CHK,78991.14
2200,596,7804133436,HLA,131449.07
2201,597,8880747667,TDA,10392.85
2202,597,1276491613,VLA,84442
2203,598,3515334397,TDA,5405.78
2204,598,6058487827,CHK,64096.81
2205,598,6087475899,CHK,31877.14
2206,599,7595585969,HLA,296556.46
2207,600,4276007456,TDA,47980.8
2208,600,5854782415,VLA,53986.92
2209,600,8073076866,CHK,77419.15
2210,601,8548098724,CCA,823.4
2211,601,9404337157,TDA,23508.62
2212,602,1774582381,CCA,41269.87
2213,602,2187353887,CCA,5707.65
2214,602,8001857128,VLA,30411.09
2215,603,1518127296,HLA,347217.1
2216,603,5515854469,VLA,26964.09
2217,604,9563612557,CHK,41266.06
2218,605,3613556802,HLA,463851.49
2219,605,8879007601,HLA,257947.03
2220,605,7057059138,VLA,23281.08
2221,606,9588184966,CCA,1333.27
2222,606,8958668773,CHK,41179.93
2223,606,2799819191,TDA,10552.96
2224,607,1503927078,VLA,64320.71
2225,607,8093212132,TDA,22277.98
2226,607,7873778338,VLA,21447.96
2227,608,9754694681,CHK,24427.91
2228,609,2662565622,CCA,23528.76
2229,609,1085814441,TDA,41546.71
2230,610,1858304461,HLA,132424.08
2231,610,8773255906,HLA,495998.78
2232,611,7010143607,CHK,30290.73
2233,612,1173142401,HLA,308686.66
2234,613,6512392213,CCA,21593.13
2235,613,1631959229,VLA,10133.15
2236,614,7797395251,CHK,95035.76
2237,615,6576216920,TDA,19770.5
2238,616,2062244818,VLA,80890.06
2239,616,7620628016,CCA,8565.78
2240,617,2148403344,CHK,50162.06
2241,618,3647405234,CCA,4896.42
2242,618,2992706107,CHK,76378.37
2243,619,6559408365,VLA,74837.69
2244,620,5579164065,CCA,40830.83
2245,620,5315798241,VLA,35156.18
2246,620,9141871412,VLA,29839.65
2247,621,9965760040,CCA,16392.06
2248,621,3112473334,HLA,259599.71
2249,622,9762309053,CHK,74048
2250,623,9232560788,CCA,45340.14
2251,624,8836471478,TDA,17914.71
2252,624,6961048813,TDA,34962.57
2253,624,9938667335,VLA,5734.55
2254,625,1307623054,TDA,32963.16
2255,625,3794197999,VLA,42610.64
2256,626,3647870169,CHK,64307.21
2257,626,3922938673,HLA,134808.94
2258,627,1994383233,CCA,8864.67
2259,628,4917473912,CHK,2432.76
2260,629,1271953170,CCA,5406.6
2261,630,8382726619,VLA,44125.12
2262,630,6610798184,HLA,99925.38
2263,631,9919622406,CHK,91080.3
2264,632,3887122396,VLA,68971.6
2265,632,9020614396,HLA,248320.67
2266,633,6740693915,CCA,15283.66
2267,633,5935613477,TDA,44876.91
2268,634,8682838000,CCA,14308.87
2269,635,9421829560,HLA,195651.01
2270,635,7171837834,HLA,100738.34
2271,636,2886761615,HLA,475876.41
2272,636,6504615683,CCA,5456.06
2273,636,8896679052,HLA,74484.65
2274,637,1401756064,TDA,45737.71
2275,637,3109656703,VLA,53450.06
2276,637,6362531751,CCA,580.28
2277,638,5583758065,TDA,22761.67
2278,638,2656074951,TDA,1820.14
2279,639,3305743745,CHK,45539.87
2280,639,2239319649,TDA,28387.02
2281,640,4238864378,TDA,17830.04
2282,641,7798297799,HLA,411843.19
2283,641,2896783935,VLA,13001.81
2284,641,1923216074,TDA,33245.26
2285,642,9703947677,HLA,498319.93
2286,642,5183052528,VLA,36241.29
2287,643,7719807332,HLA,475656.33
2288,643,3439763117,HLA,323696.94
2289,643,5282915374,VLA,35709.5
2290,644,4083522825,VLA,32122.12
2291,645,1818894443,TDA,47076.46
2292,646,6350449942,CCA,27771.56
2293,647,8380226583,TDA,9547.99
2294,648,2574517640,VLA,86609.8
2295,649,3897795115,HLA,228302.37
2296,650,4539622767,CHK,22964.38
2297,650,6224386089,VLA,13097.33
2298,650,6476808536,TDA,46685.62
2299,651,9449911926,TDA,30454.09
2300,652,2752037659,TDA,21499.31
2301,653,9054208824,CHK,54980.5
2302,653,9857030934,CHK,66380.43
2303,653,6582778220,VLA,10265.94
2304,654,2342932915,CHK,87747.44
2305,654,2807813523,TDA,4728.21
2306,654,4072740963,HLA,172165.77
2307,655,5789474893,CCA,27648.6
2308,656,5894864116,TDA,9478.4
2309,656,8324750490,CHK,52408.65
2310,657,8409534010,CHK,54142.28
2311,657,6179654894,VLA,89764.61
2312,657,1421704657,TDA,20275.49
2313,658,4161842102,CCA,12337.56
2314,659,1019715246,VLA,16203.24
2315,659,5881247194,HLA,110673.01
2316,660,7705965154,CHK,48163.12
2317,660,1938048206,TDA,29857.15
2318,661,7369208077,TDA,17809.44
2319,661,4905156317,VLA,38841.15
2320,661,6267147106,TDA,35181.29
2321,662,5965441686,TDA,31162.89
2322,663,6362292388,VLA,24867.9
2323,663,1888505194,CHK,16304.13
2324,663,3852646986,HLA,438457.48
2325,664,4350472327,CHK,65735.54
2326,665,6235971459,HLA,295798.11
2327,665,2669598870,TDA,11149.83
2328,665,6575180234,CCA,3983.37
2329,666,8977673636,TDA,43778
2330,667,5900583756,VLA,96512.09
2331,667,8596343583,CCA,33042.6
2332,667,7636620437,HLA,70086.91
2333,668,9110820576,CCA,19330.32
2334,668,7485378019,TDA,37938.22
2335,669,5611214382,VLA,99762.16
2336,669,3395362851,HLA,454360.5
2337,670,5329576184,HLA,101116.81
2338,670,4311208087,VLA,18350.2
2339,670,4355452975,CHK,72367.35
2340,671,2154878609,TDA,18134.25
2341,671,1100037586,VLA,32950.3
2342,671,4035115955,CHK,18789.56
2343,672,7389958913,CCA,9099.96
2344,673,2218176043,HLA,218475.58
2345,673,9532919295,VLA,61845.41
2346,674,9258644710,HLA,498215.64
2347,674,5734164194,VLA,93794.8
2348,674,7500609146,CCA,27886.13
2349,675,6979080620,VLA,54156.88
2350,676,2514297693,CHK,23017.06
2351,676,1423218254,CHK,49397.93
2352,676,2416722817,CHK,21637.69
2353,677,2930317197,CCA,45879.3
2354,677,2668434515,HLA,402487.7
2355,678,7888517785,CCA,2130.81
2356,679,5705440994,VLA,77428.29
2357,679,5764791981,VLA,19339.92
2358,680,6056302183,HLA,338416.57
2359,681,9616274111,VLA,25197.08
2360,682,2505764901,CHK,92902.53
2361,682,1564679348,HLA,457685.42
2362,682,8312530763,CCA,3898.63
2363,683,9056460940,CCA,47981.69
2364,683,7830872009,VLA,63099.61
2365,683,6683543761,HLA,360266.79
2366,684,4363363636,CHK,63024.87
2367,685,8469298108,TDA,20691.75
2368,686,7863667851,VLA,71466.09
2369,686,8591200750,TDA,36918.66
2370,687,2431218815,VLA,23921.68
2371,687,6607588669,CCA,19135.09
2372,687,3712184565,HLA,344175.26
2373,688,2485848184,TDA,43047.24
2374,688,8761980086,HLA,423476.64
2375,688,8144766901,VLA,53085.77
2376,689,4776720263,CHK,26179.32
2377,689,8857623498,VLA,83676.69
2378,689,9053243208,TDA,38931.85
2379,690,3638867630,HLA,447808.29
2380,690,7497905796,CCA,41955.95
2381,690,5510463246,TDA,49578.45
2382,691,9662534585,VLA,54381.86
2383,692,2026828920,TDA,12255.68
2384,693,6051863033,VLA,64494.24
2385,693,7790013342,TDA,43230.1
2386,694,6872282576,VLA,82184.3
2387,694,6975720537,CHK,91656.29
2388,695,5888435063,TDA,19529.76
2389,695,9529730936,VLA,36261.78
2390,696,1462890518,TDA,36703.11
2391,697,7340392723,VLA,76835.57
2392,697,9764110260,CCA,9698.3
2393,698,7873344571,CHK,64467.68
2394,699,1019409779,CCA,1948.91
2395,700,2007200663,TDA,23146.59
2396,700,2044858349,VLA,52782.28
2397,701,9362678183,CCA,41063.85
2398,701,5774944100,HLA,200150.04
2399,702,1986036136,CCA,37690.54
2400,703,4979886921,CCA,14239.43
2401,703,5607998072,HLA,363265.24
2402,703,8333797205,TDA,22776.85
2403,704,2038617826,TDA,49316.23
2404,704,4322520586,VLA,75877.08
2405,705,2841807823,HLA,142170.31
2406,706,7610879815,VLA,20075.39
2407,706,1587716052,TDA,44781.5
2408,707,8982293321,HLA,338083.94
2409,708,3903406108,VLA,26831.83
2410,708,4130265938,CCA,13919.87
2411,709,9182491192,CCA,28506.48
2412,709,8012300496,TDA,13486.47
2413,710,9302184424,CCA,34653.84
2414,710,3196510796,CCA,1515.07
2415,710,6123709512,VLA,33876.21
2416,711,1408728988,CHK,90542.42
2417,712,8288050072,CHK,38760.33
2418,712,2941176480,TDA,43637.39
2419,712,8082654770,HLA,333308.96
2420,713,1312000877,HLA,421276.8
2421,713,7872535873,VLA,11000.12
2422,714,1887263939,CHK,89302.5
2423,714,5906485199,CCA,29127.44
2424,715,5789963520,VLA,67434.14
2425,715,4683077283,TDA,43617.9
2426,716,4180266257,CHK,5716.59
2427,716,2678131931,VLA,88679.33
2428,716,8106695112,TDA,34414.18
2429,717,8073560008,HLA,472273.22
2430,718,8716709765,CCA,47021.01
2431,718,4526830911,VLA,19576.71
2432,718,6219267466,CCA,29532.77
2433,719,5223302646,TDA,49898.54
2434,720,1244390452,CCA,12981.69
2435,720,3296844830,TDA,29235.36
2436,721,5278352789,VLA,80566.6
2437,721,5576093611,VLA,2719.08
2438,722,3855044082,HLA,460209.65
2439,722,9031051650,TDA,19456.79
2440,722,5849035147,HLA,458479.04
2441,723,8224211684,CHK,25159.81
2442,724,5908947341,HLA,309423.08
2443,725,2116133113,VLA,59691.88
2444,725,5323374179,TDA,5183.53
2445,725,7372365893,CHK,63345.86
2446,726,7096780064,HLA,301816.96
2447,726,9551285459,CHK,48403.76
2448,726,3758528832,VLA,40180.74
2449,727,8088776888,CHK,71383.21
2450,727,7995860115,TDA,33583.01
2451,727,8364913369,VLA,26344.59
2452,728,1975542068,CHK,93473.61
2453,728,2399182552,HLA,182675.18
2454,728,5572837293,CHK,67408.45
2455,729,7069159778,CCA,13020.44
2456,729,9286117505,HLA,427523.62
2457,730,3782862818,CHK,98048.93
2458,731,2380670901,CCA,46342.95
2459,731,2917309303,CCA,2789.59
2460,731,3171362282,VLA,91867.59
2461,732,6319048642,CHK,17480.22
2462,732,7267364959,TDA,20493.55
2463,732,6984633522,CCA,21769.71
2464,733,7170692605,CHK,39085.29
2465,734,9051897058,HLA,198327.89
2466,734,9245598463,TDA,34216.83
2467,735,5415217436,TDA,43510.66
2468,735,5483440264,CCA,32931.06
2469,736,1472639430,CHK,9964.84
2470,736,5157133363,CCA,19571.58
2471,737,1275822224,CHK,82143.22
2472,737,7671281035,CCA,44123.34
2473,737,7665890829,TDA,17235.23
2474,738,1542211445,CCA,42925.02
2475,738,7765519966,TDA,9592.3
2476,738,9898569887,HLA,346725.02
2477,739,9065253494,TDA,34201.14
2478,739,7330149030,TDA,41182.35
2479,739,1029879375,CCA,37106.61
2480,740,3382959874,CHK,70311.23
2481,740,9190807524,CHK,17788.28
2482,740,9785848473,CHK,92086.23
2483,741,2158464283,HLA,280818.72
2484,741,7359273692,VLA,56027.07
2485,741,2339330574,CHK,40161.76
2486,742,7880669001,VLA,14165.84
2487,742,9010154935,HLA,225961.18
2488,743,1872871400,HLA,497951.69
2489,743,2942495796,CHK,10649.97
2490,743,8646802263,CHK,17257.62
2491,744,7824957715,HLA,414429.99
2492,744,3699816913,CCA,48435.51
2493,745,2191832954,HLA,307918.32
2494,745,9681023714,CHK,53501.81
2495,745,8530333036,VLA,49056.14
2496,746,7734149508,TDA,10978.67
2497,747,4069344773,CCA,48382.61
2498,747,3805628201,HLA,333201.42
2499,748,6994087520,CCA,23494.71
2500,749,2262704634,TDA,33659.5
2501,749,3194516724,HLA,219206.69
2502,750,2283880456,VLA,45412.55
2503,750,6395746325,HLA,386223.9
2504,751,3123615342,VLA,87734.02
2505,751,6703578770,VLA,59868.37
2506,752,4555530715,HLA,303153.14
2507,752,5273436360,TDA,6139.61
2508,752,9148377976,TDA,33601.86
2509,753,1417623119,CCA,48610.91
2510,753,8639530943,CHK,67915.53
2511,753,1453760190,CCA,36552.86
2512,754,4449252727,CHK,5726.26
2513,754,4581580418,CCA,2121.64
2514,754,9198890166,HLA,126700.83
2515,755,1088453323,TDA,593.23
2516,756,6589771770,CCA,737.82
2517,757,3548902024,CHK,20892.27
2518,757,9004623227,HLA,279939.13
2519,757,3420238074,CCA,37525.9
2520,758,6275087563,CCA,10284.63
2521,758,8253543010,VLA,29347.73
2522,758,1610533034,VLA,41576.38
2523,759,4067013834,HLA,312023.77
2524,759,1880027764,CHK,75558.2
2525,760,5803021377,CCA,33153.05
2526,760,8261983328,TDA,20769.86
2527,761,4267883776,CHK,50246.27
2528,761,7998496398,CCA,40861.52
2529,762,9300124318,CCA,37073.06
2530,762,6876789384,VLA,19862.59
2531,763,5943407634,CCA,31733.4
2532,763,3872590669,CHK,81188.4
2533,764,3025776430,TDA,7450.55
2534,765,5968700420,CCA,36738.2
2535,766,2847469260,CHK,94065.81
2536,766,4535114300,CCA,24573.62
2537,766,6400344752,TDA,39186.7
2538,767,7476248912,VLA,8566.46
2539,767,6632942467,CHK,62180
2540,767,7319689721,TDA,31817.59
2541,768,9667962436,HLA,339657.44
2542,768,5458992324,CCA,47155.06
2543,768,5487045734,CHK,85983.81
2544,769,6866659795,CHK,26576.53
2545,770,6473190896,CHK,95818.91
2546,770,7170849578,TDA,46778.32
2547,770,2650709742,TDA,32286.21
2548,771,6722364234,CHK,92381.7
2549,771,5350457922,TDA,11796.43
2550,771,9952200282,CCA,29234.74
2551,772,6036575697,HLA,131941.32
2552,773,9858532323,HLA,401098.87
2553,773,3761135437,CHK,5265.61
2554,773,8433234316,CCA,9409.18
2555,774,4207624611,TDA,10742.93
2556,774,5945441611,VLA,55017.73
2557,775,8970154301,TDA,9324.75
2558,776,8079477002,HLA,77432.73
2559,776,6785900241,TDA,22074.22
2560,776,9114413132,CHK,39063.16
2561,777,5154795812,CHK,51352.52
2562,777,7180237346,CCA,48391.5
2563,777,9837983846,CHK,822.89
2564,778,1452213526,VLA,81890.58
2565,778,4111754429,VLA,41806.36
2566,779,7224109621,CCA,14812.81
2567,780,4062221496,HLA,459905.65
2568,780,7761488519,TDA,17161.07
2569,780,2677052385,HLA,325430.94
2570,781,6251884167,VLA,93897.34
2571,781,3280186184,TDA,37274.95
2572,781,9011972773,VLA,11038.12
2573,782,1555624749,HLA,491012.47
2574,782,6178176277,CCA,29145.32
2575,782,8838314581,CCA,32323.85
2576,783,5639006828,HLA,83359.6
2577,783,5738771685,VLA,91504.25
2578,784,4123228104,TDA,30402.27
2579,784,8765340005,HLA,489301.19
2580,784,1284364449,CCA,42330.35
2581,785,7354676654,VLA,24174.22
2582,785,8332385087,HLA,108901.69
2583,786,2252452949,TDA,19543.95
2584,786,1185852225,VLA,25957.46
2585,786,1117719480,HLA,165534.77
2586,787,3584175260,TDA,42189.89
2587,788,3310012944,TDA,28476.53
2588,789,6863065912,TDA,40577.43
2589,789,3864905940,HLA,171559.93
2590,789,9056704506,HLA,342936.21
2591,790,7399197035,HLA,339267.81
2592,791,9889799423,TDA,7136.66
2593,791,2150387590,CHK,4893.24
2594,792,7101139353,VLA,96858.65
2595,792,9505267365,CHK,27515.01
2596,792,9852977589,TDA,45105.86
2597,793,5695615123,CHK,29810.69
2598,794,4784117118,CCA,14575.37
2599,795,4206658114,VLA,43147.46
2600,795,4348052651,CHK,38490.64
2601,795,6980569344,TDA,8079.79
2602,796,4611952177,CHK,90541.21
2603,796,9543241701,CHK,13155.84
2604,796,5933170959,HLA,289181.56
2605,797,2411006487,TDA,47072.75
2606,797,9622591595,CCA,953.73
2607,798,6691929776,CCA,7902.3
2608,798,6893874224,CCA,34215.91
2609,799,6057377115,CHK,88084.79
2610,800,9609759297,CHK,16859.94
2611,800,6608093383,TDA,23850.41
2612,801,7361935000,HLA,398036.2
2613,801,8179689922,VLA,78607.12
2614,801,9891331268,CCA,48793.72
2615,802,7198392104,VLA,53327.08
2616,802,7525178004,CCA,46655.68
2617,803,3862202092,HLA,141639.6
2618,803,4602932642,VLA,35950.01
2619,803,5708924276,VLA,38148.58
2620,804,1887832154,VLA,5250.12
2621,805,6783810565,VLA,8177.01
2622,805,3939986194,CCA,3442.61
2623,805,5070919772,CCA,27427.84
2624,806,4064204190,TDA,28545.1
2625,807,5580820467,CHK,12813.31
2626,807,5616119409,HLA,187819.52
2627,807,6669180502,HLA,409269.67
2628,808,6149019111,HLA,176403.61
2629,809,9198825851,HLA,459815.22
2630,809,8342126626,CCA,7592.09
2631,810,1299338935,HLA,326138.51
2632,810,8219399855,CHK,68414.59
2633,810,4569158073,TDA,7819.37
2634,811,5261874799,TDA,7550.76
2635,812,1574927862,CHK,2254.57
2636,812,3415123168,CHK,39452.45
2637,813,3712320967,CCA,13877.37
2638,814,4435965525,VLA,6694.85
2639,814,3101218999,HLA,347224.62
2640,815,5543952136,HLA,351401.33
2641,815,5982060146,HLA,351780.79
2642,816,8401381749,CCA,23529.85
2643,816,2407044479,VLA,86708.67
2644,816,8050613581,VLA,4142.33
2645,817,8577975841,CCA,21428.05
2646,817,5836205777,CCA,10642.14
2647,818,1752301934,CCA,17843.5
2648,818,8997916994,HLA,284078.4
2649,819,5663107315,HLA,138523.6
2650,820,8774279848,CHK,63417.42
2651,820,6557038575,CCA,1534.4
2652,820,5734801101,CHK,74765.18
2653,821,8608185312,VLA,6169.8
2654,821,1699436653,CHK,9354.82
2655,822,6363468096,CHK,87829.9
2656,822,7234739759,CCA,5390.6
2657,823,8159954059,TDA,33759.69
2658,823,5143188524,VLA,15611.8
2659,824,8090651488,CHK,26396
2660,824,8267462358,HLA,388141.53
2661,825,2500932399,HLA,51701.57
2662,825,2573896972,TDA,25021.83
2663,826,8988898243,TDA,41452.55
2664,826,3992531592,CCA,18322.1
2665,826,9444827455,CHK,75331.76
2666,827,6873129677,VLA,83935.8
2667,827,2926485668,CHK,50522.32
2668,828,1415249579,VLA,79444.71
2669,828,9582893744,CCA,37808.48
2670,829,2931675164,VLA,25757.27
2671,829,7568535686,HLA,83076.22
2672,830,8936774325,TDA,26660.66
2673,830,8922717172,CCA,10680.1
2674,831,5787332617,CHK,50981.44
2675,831,6201965106,CCA,26779.76
2676,831,2524187289,HLA,122817.35
2677,832,9351505871,HLA,375841.45
2678,833,8710816183,CCA,41555.85
2679,833,5500012289,CCA,48073.84
2680,833,2835590943,VLA,54907.72
2681,834,1612568013,HLA,173955.07
2682,835,7465846420,CCA,24628.3
2683,835,5946711115,VLA,68672.2
2684,836,6900550472,TDA,6401.26
2685,836,5625779027,VLA,40233.48
2686,836,9653104612,HLA,165138.36
2687,837,3609608709,CHK,43869.45
2688,838,5964900208,HLA,313068.56
2689,838,9517758112,HLA,491635.21
2690,839,8741269329,TDA,43091.01
2691,840,5768678702,HLA,272865.13
2692,840,5821490405,CHK,23965.93
2693,840,5413122227,CCA,42628.85
2694,841,6765379661,CHK,37573.4
2695,842,1206207515,HLA,231110.86
2696,842,5052199760,VLA,81902.08
2697,842,2309740426,TDA,35154.11
2698,843,2758795064,VLA,7493.5
2699,844,5050944382,TDA,38015.01
2700,845,5846304779,VLA,31144.37
2701,846,3080874938,VLA,39252.46
2702,846,8955662180,CCA,3186.28
2703,847,4950038468,HLA,99481.51
2704,847,4202550988,HLA,347510.81
2705,847,7290244393,HLA,402055.82
2706,848,1478191585,TDA,24243.09
2707,849,6948302672,CCA,7588.85
2708,850,5151886536,HLA,126053.83
2709,850,4831632309,CCA,44143.19
2710,850,2488361736,HLA,52119.99
2711,851,7197886245,TDA,8811.16
2712,851,7371763805,TDA,7686.63
2713,852,9842402439,CHK,7420.74
2714,852,4186593219,VLA,52211.64
2715,853,5778410042,CHK,53211.94
2716,853,8929733065,CHK,95692.07
2717,854,4447026187,CCA,26993.9
2718,855,3246206219,VLA,13310.74
2719,855,7479166824,CHK,93658.62
2720,855,4586283158,VLA,26483.8
2721,856,2457576289,TDA,13625.49
2722,856,4568671448,TDA,42568.37
2723,856,9808674317,TDA,3703.99
2724,857,5176354969,CHK,3284.68
2725,858,3286297327,TDA,27208.85
2726,859,4720038043,HLA,409923.7
2727,859,7965141811,VLA,81200.98
2728,860,4291124583,CHK,96072.58
2729,860,5643041624,CHK,61078.03
2730,860,6215218912,CHK,12616.14
2731,861,2008167584,TDA,48381.01
2732,861,2148914955,HLA,346400.7
2733,861,7978943273,HLA,452794.8
2734,862,4874204119,VLA,13225.29
2735,863,3062348495,VLA,31995.66
2736,863,3829206070,CCA,32287.59
2737,864,2322219487,CHK,73835.65
2738,864,6970031942,CHK,36036.65
2739,865,2235989618,VLA,41856.76
2740,865,2206192889,CCA,29449.71
2741,865,7605671615,CHK,8825.55
2742,866,3388347153,TDA,38911.19
2743,866,6858601232,VLA,89454.72
2744,867,7886898326,CCA,27650.88
2745,867,2826759803,TDA,905.87
2746,867,4548735420,CCA,36409.29
2747,868,5903214498,CHK,51015.03
2748,868,5899943716,TDA,45078.41
2749,869,3854335540,VLA,76209.24
2750,870,7592250093,TDA,41906.09
2751,871,8576816543,CHK,24421.15
2752,871,4210887368,TDA,17749.08
2753,871,8763582290,CHK,37945.24
2754,872,8098694473,TDA,36330.66
2755,872,2282051149,CHK,5080.41
2756,872,8885857241,HLA,231482.52
2757,873,6372028155,TDA,982.74
2758,873,8063544438,HLA,241914.14
2759,873,2843827276,TDA,8076.01
2760,874,9406073115,CCA,26158.02
2761,875,9298318713,TDA,21338.36
2762,876,5016974428,VLA,3309.23
2763,876,8022789899,VLA,54208.52
2764,876,7560335759,CCA,13044.28
2765,877,7331527765,TDA,39232.98
2766,878,2446930229,CHK,41143.07
2767,878,5967481165,CCA,21049.13
2768,878,1782053807,CHK,89709.4
2769,879,5101260776,TDA,8283.93
2770,879,5378667611,CCA,15666.63
2771,880,3058015385,VLA,7593.37
2772,881,7851561706,CHK,43359.48
2773,881,5680021563,CHK,6187.74
2774,881,8531769451,CHK,23553.79
2775,882,1759169308,HLA,360048.75
2776,883,3413068372,HLA,459587.01
2777,884,2629273983,TDA,20792.86
2778,884,8396711592,HLA,385455.43
2779,884,3285728689,CHK,47171.22
2780,885,4078605866,VLA,16792.19
2781,886,3979554293,TDA,28887.91
2782,886,5259257211,TDA,44957.75
2783,887,1207974466,VLA,16186.65
2784,887,4712129214,CHK,26315.92
2785,887,9780583553,VLA,92480.93
2786,888,8856087341,TDA,48228.69
2787,888,8839283652,VLA,41545.52
2788,889,5445612754,HLA,335974.08
2789,889,5244370267,CCA,20203.36
2790,890,8559019549,TDA,34372.3
2791,890,4241933835,CCA,47467.46
2792,890,8294460604,CCA,28147.3
2793,891,5006904098,CHK,50003.46
2794,892,8050545846,HLA,485232.17
2795,893,9588303697,CHK,43907.5
2796,893,8140477693,VLA,8363.24
2797,893,8309746249,HLA,469658.57
2798,894,3117363225,HLA,463193.46
2799,894,6597798368,HLA,323865.95
2800,894,6339618093,VLA,13004.67
2801,895,5315401397,TDA,24925.62
2802,896,3227776287,CHK,87394.26
2803,896,7379725483,CHK,27032.11
2804,897,5053884047,CHK,43687.28
2805,898,3485905353,VLA,45696.31
2806,899,6338855602,CHK,14004
2807,900,6376168773,CHK,67319.48
2808,900,8782958578,HLA,200131.42
2809,900,1169373584,VLA,8890.56
2810,901,4967076916,VLA,29053.35
2811,901,5334139906,TDA,36525.59
2812,901,2332991933,VLA,70016.16
2813,902,1157389601,CHK,43225.5
2814,902,4977722507,TDA,39166.82
2815,903,2458260819,TDA,27531
2816,904,3704614403,CHK,74045.82
2817,904,5187593597,CHK,64050.76
2818,905,6295146647,VLA,23720.35
2819,906,3296621038,VLA,32621.87
2820,907,8011930185,VLA,44279.35
2821,907,5294945178,CCA,1464.36
2822,908,7602119185,TDA,21343.38
2823,908,1190457700,CCA,20729.92
2824,908,4728315508,CHK,67324.45
2825,909,2719103685,CHK,67723.34
2826,909,1390801242,VLA,51091.99
2827,909,9455853010,TDA,18613.11
2828,910,3497494878,VLA,68450.18
2829,910,5299755835,HLA,105060.13
2830,911,8155297454,VLA,10505.83
2831,911,5405535779,HLA,162434.76
2832,912,1238147544,CCA,20510.88
2833,913,4389519376,TDA,7989.52
2834,913,9207668588,TDA,38908.53
2835,913,8253572768,TDA,1230.33
2836,914,9537896812,CHK,98683.68
2837,914,6825509986,TDA,26465.15
2838,914,9453457865,TDA,32900.49
2839,915,6678098957,CHK,17207.51
2840,915,7046320051,CHK,48131.1
2841,916,9723844703,HLA,313711.06
2842,917,1071357103,TDA,34775.19
2843,917,1671142978,VLA,69637.29
2844,917,5297935974,HLA,179116.9
2845,918,9928602914,TDA,7068.69
2846,918,6706564400,TDA,13884.43
2847,918,3698117055,CCA,8871.82
2848,919,4194583533,VLA,36370.46
2849,920,2964431909,CHK,10137.31
2850,920,1651149881,HLA,201085.66
2851,921,1289767961,VLA,32660.42
2852,921,8410762021,CHK,83630.25
2853,921,9777018016,CCA,2981.54
2854,922,5586732334,CHK,69911.72
2855,922,2960663587,CHK,20790.69
2856,923,2320483078,CCA,37827.82
2857,923,4328313410,VLA,6024.26
2858,923,1641960599,CHK,55952.26
2859,924,1900291773,TDA,25289.95
2860,925,4472942624,CHK,71875.34
2861,925,7670824413,VLA,60007.27
2862,926,7744362688,VLA,55180.76
2863,927,3676572374,HLA,98729.47
2864,928,6594408346,HLA,205283.71
2865,928,4058808740,VLA,37807
2866,929,1688195240,VLA,84742.14
2867,929,2139390266,TDA,34845.14
2868,929,6337378176,CCA,29569.15
2869,930,6405288888,CHK,43115.8
2870,930,8985805676,CHK,79875.49
2871,930,7918471264,VLA,46270.65
2872,931,9034242784,VLA,64367.34
2873,931,3155207587,CCA,43742.71
2874,931,2809411573,HLA,171841.04
2875,932,8549730566,HLA,432729.05
2876,932,6480591847,TDA,44165.7
2877,933,2746431771,CHK,97516.35
2878,934,1347921156,HLA,52113.67
2879,934,3789559664,TDA,48664.28
2880,934,7852207078,TDA,8465.37
2881,935,2426939059,CCA,22816.61
2882,935,8901402244,HLA,448073.95
2883,936,2226707157,TDA,41919.35
2884,936,6166575382,VLA,67433.9
2885,936,4196691581,CCA,13151.27
2886,937,3286878833,CHK,86610.34
2887,938,5415876896,HLA,102297.41
2888,938,2081307251,TDA,13554.53
2889,939,4654668997,TDA,27682.79
2890,939,9859299181,VLA,64276.31
2891,940,5797795682,VLA,23321.2
2892,940,1543552364,CCA,46731
2893,940,1404405398,CHK,39063.65
2894,941,3127682158,HLA,65843.05
2895,942,6158352538,TDA,11025.08
2896,942,7596186417,TDA,16091.18
2897,942,1553203818,CCA,24423.04
2898,943,1798908104,CHK,96220.59
2899,943,1614225928,HLA,125601.19
2900,944,3386171912,VLA,34782.98
2901,944,1987643665,CHK,66425.27
2902,944,7838800113,CCA,42248.07
2903,945,1079740125,CHK,13853.6
2904,945,7341731386,HLA,85148.54
2905,946,5499504865,CCA,5998.82
2906,946,5278814026,CHK,40165.14
2907,947,7031491445,CCA,24470.93
2908,948,4871018473,CCA,34324.4
2909,948,4085241762,TDA,20048.49
2910,949,4630390413,CHK,68025.67
2911,949,1627499601,VLA,94747.01
2912,950,6989485111,TDA,15491.4
2913,950,5437696203,CCA,49256.28
2914,951,3791768937,VLA,2160.89
2915,952,1114101305,CHK,10214.11
2916,953,7750419203,TDA,39295.84
2917,954,3698496068,CCA,22960.11
2918,954,2221377631,CHK,47847.31
2919,955,5833998183,CCA,15565.03
2920,955,3506597273,TDA,11023.61
2921,955,5928282013,TDA,10496.27
2922,956,9611015984,VLA,58755.35
2923,957,9796477226,VLA,58799.16
2924,957,8836420332,CCA,4299.87
2925,958,3084392191,HLA,277448.52
2926,959,6515334593,CCA,13603.24
2927,959,1381740106,TDA,49153.05
2928,960,6743098023,CHK,33346.3
2929,961,4680583126,CHK,75206.86
2930,961,7148642136,HLA,114268.35
2931,962,6341684173,CHK,75709.75
2932,962,6039678191,CCA,24123.64
2933,962,3984289347,TDA,28888
2934,963,6295776788,VLA,23328.87
2935,963,3247622146,HLA,285689.95
2936,963,6067607429,CCA,15161.92
2937,964,4747274673,CHK,64794.86
2938,965,7486331012,HLA,96369.85
2939,965,8452806562,CHK,20103.33
2940,965,9450763678,HLA,352914.24
2941,966,7265489772,CHK,11813.77
2942,966,6893506162,HLA,300475.94
2943,967,9208557471,HLA,292880.43
2944,967,3671768423,VLA,42227.36
2945,967,7031991362,CCA,20172.41
2946,968,2548661177,HLA,166724.26
2947,968,6346903669,TDA,9510.31
2948,969,6462574432,HLA,59698.57
2949,969,3876061158,CCA,43684.74
2950,969,3695188748,HLA,332009.52
2951,970,3097850077,VLA,24856.92
2952,970,2866633445,CCA,32613.12
2953,971,2607989526,TDA,35305.69
2954,971,9583080462,VLA,91943.29
2955,972,3624613781,CCA,38362.23
2956,973,7069325786,VLA,59444.02
2957,973,1306085341,HLA,323676.3
2958,973,8411011129,VLA,60602.8
2959,974,4446665727,CCA,29885.14
2960,974,5009115353,TDA,10176.3
2961,974,3939996986,HLA,50565.16
2962,975,8390368146,TDA,12288.35
2963,976,9706117273,CCA,22729.38
2964,976,2084482243,VLA,47137.07
2965,977,1815688966,TDA,47713.93
2966,977,6100201208,CHK,26648.23
2967,977,9214734900,CCA,6010.49
2968,978,1528046931,VLA,80213.92
2969,978,8116075069,CHK,85098.43
2970,978,5436903108,CCA,10946.16
2971,979,4035588410,VLA,50905.95
2972,979,7320697199,CCA,9934.94
2973,980,7014320395,VLA,56710.19
2974,981,4203121657,HLA,357358.81
2975,982,3184423090,CCA,25464.3
2976,982,3549863719,CHK,31430.09
2977,982,8791396767,CHK,96252.11
2978,983,2752811618,HLA,309335.4
2979,983,4261028743,TDA,48003.43
2980,983,4096486803,HLA,360233.74
2981,984,3762525626,TDA,19152.97
2982,985,1308194268,TDA,35372.35
2983,986,7785118113,VLA,10910.16
2984,986,6010314830,VLA,28793.69
2985,986,3128131269,HLA,163628.13
2986,987,3985936106,CCA,3399.99
2987,987,8315803465,CHK,26350.09
2988,988,7257998486,HLA,431896.49
2989,988,8117015768,TDA,9584.89
2990,988,4370810386,CHK,42296.39
2991,989,1619099480,TDA,48484.4
2992,989,7878782527,TDA,11205.24
2993,990,8567882501,TDA,12601.24
2994,990,5107749572,CHK,33032
2995,990,9461708000,CCA,49995.08
2996,991,4009404506,CHK,5297.29
2997,991,3062146651,HLA,248344.4
2998,991,8038071158,CCA,22645.01
2999,992,4832080745,CHK,47296.33
3000,992,4047143596,VLA,4414.81
3001,993,8873534407,CCA,46743.8
3002,993,5515437660,TDA,29744.4
3003,994,1339732855,TDA,37434.44
3004,994,4906241905,CCA,31876.2
3005,994,7452930954,TDA,16598.46
3006,995,7203943648,HLA,408205.52
3007,995,8994010559,TDA,49172.83
3008,995,7583263013,VLA,33671.09
3009,996,5467911055,CCA,11100.03
3010,997,8377129896,VLA,47907.06
3011,997,3380970992,HLA,402176.77
3012,997,5743275381,HLA,105416.66
3013,998,1125432728,CHK,84749.6
3014,998,4605566310,HLA,221626.39
3015,998,4668556525,CHK,11325.4
3016,999,6186286585,VLA,14067.4
3017,999,4556659713,CHK,41888.84
3018,1000,8974798328,CCA,29183.92
3019,1000,4163016530,HLA,479846.25
3020,1000,9711477154,VLA,38770.49
